{
	"pattrstorage" : 	{
		"name" : "u913002058",
		"slots" : 		{
			"1" : 			{
				"id" : 1,
				"data" : 				{
					"multislider" : [ 0.421053, 0.105263, -0.315789, 0.0, -0.157895, -0.315789, -0.473684, -0.684211, -0.842105, 0.0, 0.210526, 0.315789, 0.473684, 0.578947, 0.789474, 0.842105, 0.947368, 1.0 ],
					"num01" : [ 76.599998 ],
					"num02" : [ 47.0 ],
					"num03" : [ 7.0 ]
				}

			}
,
			"2" : 			{
				"id" : 2,
				"data" : 				{
					"multislider" : [ 0.421053, 0.105263, -0.315789, -0.736842, -1.0, -1.0, -1.0, -1.0, -1.0, -1.0, -1.0, -1.0, 0.789474, 1.0, 1.0, 1.0, -0.263158, -0.105263 ],
					"num01" : [ 1.0 ],
					"num02" : [ 42.799999 ],
					"num03" : [ -5.1 ]
				}

			}
,
			"3" : 			{
				"id" : 3,
				"data" : 				{
					"multislider" : [ 0.421053, 0.105263, -0.315789, 0.210526, 0.263158, 0.315789, 0.315789, 0.263158, 0.210526, 0.105263, 0.052632, 0.0, -0.105263, -0.157895, -0.157895, -0.263158, -0.421053, -0.421053 ],
					"num01" : [ 0.03 ],
					"num02" : [ 28.700001 ],
					"num03" : [ 82.0 ]
				}

			}

		}

	}

}
